<annotations>
  <filename>20210927_115932_k_r2_e_000_150_138_2_0_C.png</filename>
  <size>
    <width>1920</width>
    <height>1080</height>
    <depth>3</depth>
  </size>
  <object>
    <name>2118</name>
    <difficult>0</difficult>
    <bbox>
      <xmin>1062</xmin>
      <ymin>30</ymin>
      <xmax>1115</xmax>
      <ymax>96</ymax>
    </bbox>
  </object>
  <object>
    <name>2119</name>
    <difficult>0</difficult>
    <bbox>
      <xmin>981</xmin>
      <ymin>72</ymin>
      <xmax>1033</xmax>
      <ymax>132</ymax>
    </bbox>
  </object>
  <object>
    <name>2120</name>
    <difficult>0</difficult>
    <bbox>
      <xmin>910</xmin>
      <ymin>110</ymin>
      <xmax>965</xmax>
      <ymax>177</ymax>
    </bbox>
  </object>
  <object>
    <name>2122</name>
    <difficult>0</difficult>
    <bbox>
      <xmin>891</xmin>
      <ymin>166</ymin>
      <xmax>934</xmax>
      <ymax>209</ymax>
    </bbox>
  </object>
  <object>
    <name>2124</name>
    <difficult>0</difficult>
    <bbox>
      <xmin>927</xmin>
      <ymin>203</ymin>
      <xmax>982</xmax>
      <ymax>268</ymax>
    </bbox>
  </object>
  <object>
    <name>2125</name>
    <difficult>0</difficult>
    <bbox>
      <xmin>839</xmin>
      <ymin>215</ymin>
      <xmax>897</xmax>
      <ymax>277</ymax>
    </bbox>
  </object>
  <object>
    <name>2129</name>
    <difficult>0</difficult>
    <bbox>
      <xmin>1115</xmin>
      <ymin>158</ymin>
      <xmax>1166</xmax>
      <ymax>213</ymax>
    </bbox>
  </object>
  <object>
    <name>2132</name>
    <difficult>0</difficult>
    <bbox>
      <xmin>1098</xmin>
      <ymin>261</ymin>
      <xmax>1138</xmax>
      <ymax>304</ymax>
    </bbox>
  </object>
  <object>
    <name>2133</name>
    <difficult>0</difficult>
    <bbox>
      <xmin>1106</xmin>
      <ymin>320</ymin>
      <xmax>1136</xmax>
      <ymax>352</ymax>
    </bbox>
  </object>
  <object>
    <name>2134</name>
    <difficult>0</difficult>
    <bbox>
      <xmin>1111</xmin>
      <ymin>368</ymin>
      <xmax>1153</xmax>
      <ymax>408</ymax>
    </bbox>
  </object>
  <object>
    <name>2136</name>
    <difficult>0</difficult>
    <bbox>
      <xmin>1128</xmin>
      <ymin>417</ymin>
      <xmax>1176</xmax>
      <ymax>461</ymax>
    </bbox>
  </object>
  <object>
    <name>2163</name>
    <difficult>0</difficult>
    <bbox>
      <xmin>898</xmin>
      <ymin>500</ymin>
      <xmax>944</xmax>
      <ymax>560</ymax>
    </bbox>
  </object>
  <object>
    <name>2164</name>
    <difficult>0</difficult>
    <bbox>
      <xmin>937</xmin>
      <ymin>517</ymin>
      <xmax>985</xmax>
      <ymax>567</ymax>
    </bbox>
  </object>
  <object>
    <name>2167</name>
    <difficult>0</difficult>
    <bbox>
      <xmin>1017</xmin>
      <ymin>660</ymin>
      <xmax>1070</xmax>
      <ymax>722</ymax>
    </bbox>
  </object>
  <object>
    <name>2168</name>
    <difficult>0</difficult>
    <bbox>
      <xmin>1070</xmin>
      <ymin>674</ymin>
      <xmax>1113</xmax>
      <ymax>721</ymax>
    </bbox>
  </object>
  <object>
    <name>2171</name>
    <difficult>0</difficult>
    <bbox>
      <xmin>1201</xmin>
      <ymin>585</ymin>
      <xmax>1253</xmax>
      <ymax>634</ymax>
    </bbox>
  </object>
  <object>
    <name>2174</name>
    <difficult>0</difficult>
    <bbox>
      <xmin>1024</xmin>
      <ymin>949</ymin>
      <xmax>1107</xmax>
      <ymax>1029</ymax>
    </bbox>
  </object>
  <object>
    <name>BALL_060</name>
    <difficult>0</difficult>
    <bbox>
      <xmin>1237</xmin>
      <ymin>354</ymin>
      <xmax>1280</xmax>
      <ymax>397</ymax>
    </bbox>
  </object>
  <object>
    <name>BALL_120</name>
    <difficult>0</difficult>
    <bbox>
      <xmin>1301</xmin>
      <ymin>364</ymin>
      <xmax>1392</xmax>
      <ymax>451</ymax>
    </bbox>
  </object>
  <object>
    <name>3202</name>
    <difficult>0</difficult>
    <bbox>
      <xmin>1361</xmin>
      <ymin>512</ymin>
      <xmax>1420</xmax>
      <ymax>565</ymax>
    </bbox>
  </object>
  <object>
    <name>3203</name>
    <difficult>0</difficult>
    <bbox>
      <xmin>1335</xmin>
      <ymin>546</ymin>
      <xmax>1393</xmax>
      <ymax>594</ymax>
    </bbox>
  </object>
  <object>
    <name>1022</name>
    <difficult>0</difficult>
    <bbox>
      <xmin>363</xmin>
      <ymin>46</ymin>
      <xmax>431</xmax>
      <ymax>113</ymax>
    </bbox>
  </object>
  <object>
    <name>1046</name>
    <difficult>0</difficult>
    <bbox>
      <xmin>403</xmin>
      <ymin>286</ymin>
      <xmax>471</xmax>
      <ymax>345</ymax>
    </bbox>
  </object>
  <object>
    <name>1050</name>
    <difficult>0</difficult>
    <bbox>
      <xmin>521</xmin>
      <ymin>286</ymin>
      <xmax>585</xmax>
      <ymax>355</ymax>
    </bbox>
  </object>
  <object>
    <name>1051</name>
    <difficult>0</difficult>
    <bbox>
      <xmin>482</xmin>
      <ymin>340</ymin>
      <xmax>550</xmax>
      <ymax>403</ymax>
    </bbox>
  </object>
  <object>
    <name>1071</name>
    <difficult>0</difficult>
    <bbox>
      <xmin>238</xmin>
      <ymin>679</ymin>
      <xmax>333</xmax>
      <ymax>756</ymax>
    </bbox>
  </object>
  <object>
    <name>1083</name>
    <difficult>0</difficult>
    <bbox>
      <xmin>621</xmin>
      <ymin>692</ymin>
      <xmax>675</xmax>
      <ymax>748</ymax>
    </bbox>
  </object>
  <object>
    <name>2151</name>
    <difficult>0</difficult>
    <bbox>
      <xmin>802</xmin>
      <ymin>719</ymin>
      <xmax>852</xmax>
      <ymax>769</ymax>
    </bbox>
  </object>
</annotations>
