<annotations>
  <filename>20210927_192424_k_r2_e_000_150_138_2_0_C.png</filename>
  <size>
    <width>1920</width>
    <height>1080</height>
    <depth>3</depth>
  </size>
  <object>
    <name>2118</name>
    <difficult>0</difficult>
    <bbox>
      <xmin>1172</xmin>
      <ymin>15</ymin>
      <xmax>1229</xmax>
      <ymax>82</ymax>
    </bbox>
  </object>
  <object>
    <name>2119</name>
    <difficult>0</difficult>
    <bbox>
      <xmin>1089</xmin>
      <ymin>62</ymin>
      <xmax>1139</xmax>
      <ymax>123</ymax>
    </bbox>
  </object>
  <object>
    <name>2120</name>
    <difficult>0</difficult>
    <bbox>
      <xmin>1012</xmin>
      <ymin>104</ymin>
      <xmax>1068</xmax>
      <ymax>171</ymax>
    </bbox>
  </object>
  <object>
    <name>2122</name>
    <difficult>0</difficult>
    <bbox>
      <xmin>993</xmin>
      <ymin>163</ymin>
      <xmax>1032</xmax>
      <ymax>207</ymax>
    </bbox>
  </object>
  <object>
    <name>2124</name>
    <difficult>0</difficult>
    <bbox>
      <xmin>1028</xmin>
      <ymin>198</ymin>
      <xmax>1085</xmax>
      <ymax>263</ymax>
    </bbox>
  </object>
  <object>
    <name>2125</name>
    <difficult>0</difficult>
    <bbox>
      <xmin>940</xmin>
      <ymin>212</ymin>
      <xmax>996</xmax>
      <ymax>277</ymax>
    </bbox>
  </object>
  <object>
    <name>2129</name>
    <difficult>0</difficult>
    <bbox>
      <xmin>1224</xmin>
      <ymin>143</ymin>
      <xmax>1278</xmax>
      <ymax>201</ymax>
    </bbox>
  </object>
  <object>
    <name>2132</name>
    <difficult>0</difficult>
    <bbox>
      <xmin>1201</xmin>
      <ymin>251</ymin>
      <xmax>1243</xmax>
      <ymax>294</ymax>
    </bbox>
  </object>
  <object>
    <name>2133</name>
    <difficult>0</difficult>
    <bbox>
      <xmin>1210</xmin>
      <ymin>311</ymin>
      <xmax>1245</xmax>
      <ymax>346</ymax>
    </bbox>
  </object>
  <object>
    <name>2134</name>
    <difficult>0</difficult>
    <bbox>
      <xmin>1215</xmin>
      <ymin>362</ymin>
      <xmax>1258</xmax>
      <ymax>405</ymax>
    </bbox>
  </object>
  <object>
    <name>2136</name>
    <difficult>0</difficult>
    <bbox>
      <xmin>1239</xmin>
      <ymin>413</ymin>
      <xmax>1290</xmax>
      <ymax>459</ymax>
    </bbox>
  </object>
  <object>
    <name>2163</name>
    <difficult>0</difficult>
    <bbox>
      <xmin>998</xmin>
      <ymin>505</ymin>
      <xmax>1047</xmax>
      <ymax>561</ymax>
    </bbox>
  </object>
  <object>
    <name>2164</name>
    <difficult>0</difficult>
    <bbox>
      <xmin>1035</xmin>
      <ymin>509</ymin>
      <xmax>1089</xmax>
      <ymax>567</ymax>
    </bbox>
  </object>
  <object>
    <name>2167</name>
    <difficult>0</difficult>
    <bbox>
      <xmin>1125</xmin>
      <ymin>664</ymin>
      <xmax>1183</xmax>
      <ymax>728</ymax>
    </bbox>
  </object>
  <object>
    <name>2168</name>
    <difficult>0</difficult>
    <bbox>
      <xmin>1180</xmin>
      <ymin>681</ymin>
      <xmax>1230</xmax>
      <ymax>727</ymax>
    </bbox>
  </object>
  <object>
    <name>2171</name>
    <difficult>0</difficult>
    <bbox>
      <xmin>1322</xmin>
      <ymin>579</ymin>
      <xmax>1379</xmax>
      <ymax>636</ymax>
    </bbox>
  </object>
  <object>
    <name>2174</name>
    <difficult>0</difficult>
    <bbox>
      <xmin>1135</xmin>
      <ymin>969</ymin>
      <xmax>1211</xmax>
      <ymax>1045</ymax>
    </bbox>
  </object>
  <object>
    <name>BALL_060</name>
    <difficult>0</difficult>
    <bbox>
      <xmin>1357</xmin>
      <ymin>346</ymin>
      <xmax>1405</xmax>
      <ymax>390</ymax>
    </bbox>
  </object>
  <object>
    <name>BALL_120</name>
    <difficult>0</difficult>
    <bbox>
      <xmin>1426</xmin>
      <ymin>351</ymin>
      <xmax>1529</xmax>
      <ymax>447</ymax>
    </bbox>
  </object>
  <object>
    <name>3202</name>
    <difficult>0</difficult>
    <bbox>
      <xmin>1497</xmin>
      <ymin>511</ymin>
      <xmax>1560</xmax>
      <ymax>570</ymax>
    </bbox>
  </object>
  <object>
    <name>3203</name>
    <difficult>0</difficult>
    <bbox>
      <xmin>1464</xmin>
      <ymin>547</ymin>
      <xmax>1528</xmax>
      <ymax>599</ymax>
    </bbox>
  </object>
  <object>
    <name>1022</name>
    <difficult>0</difficult>
    <bbox>
      <xmin>492</xmin>
      <ymin>65</ymin>
      <xmax>556</xmax>
      <ymax>129</ymax>
    </bbox>
  </object>
  <object>
    <name>1046</name>
    <difficult>0</difficult>
    <bbox>
      <xmin>526</xmin>
      <ymin>295</ymin>
      <xmax>589</xmax>
      <ymax>353</ymax>
    </bbox>
  </object>
  <object>
    <name>1050</name>
    <difficult>0</difficult>
    <bbox>
      <xmin>639</xmin>
      <ymin>293</ymin>
      <xmax>698</xmax>
      <ymax>354</ymax>
    </bbox>
  </object>
  <object>
    <name>1051</name>
    <difficult>0</difficult>
    <bbox>
      <xmin>601</xmin>
      <ymin>347</ymin>
      <xmax>662</xmax>
      <ymax>406</ymax>
    </bbox>
  </object>
  <object>
    <name>1071</name>
    <difficult>0</difficult>
    <bbox>
      <xmin>380</xmin>
      <ymin>672</ymin>
      <xmax>466</xmax>
      <ymax>750</ymax>
    </bbox>
  </object>
  <object>
    <name>1083</name>
    <difficult>0</difficult>
    <bbox>
      <xmin>727</xmin>
      <ymin>690</ymin>
      <xmax>777</xmax>
      <ymax>744</ymax>
    </bbox>
  </object>
  <object>
    <name>2151</name>
    <difficult>0</difficult>
    <bbox>
      <xmin>900</xmin>
      <ymin>724</ymin>
      <xmax>952</xmax>
      <ymax>772</ymax>
    </bbox>
  </object>
</annotations>
