<annotations>
  <filename>20210927_125309_k_r2_e_000_150_138_2_0_C.png</filename>
  <size>
    <width>1920</width>
    <height>1080</height>
    <depth>3</depth>
  </size>
  <object>
    <name>2118</name>
    <difficult>0</difficult>
    <bbox>
      <xmin>1143</xmin>
      <ymin>62</ymin>
      <xmax>1195</xmax>
      <ymax>123</ymax>
    </bbox>
  </object>
  <object>
    <name>2119</name>
    <difficult>0</difficult>
    <bbox>
      <xmin>1067</xmin>
      <ymin>101</ymin>
      <xmax>1114</xmax>
      <ymax>157</ymax>
    </bbox>
  </object>
  <object>
    <name>2120</name>
    <difficult>0</difficult>
    <bbox>
      <xmin>994</xmin>
      <ymin>139</ymin>
      <xmax>1047</xmax>
      <ymax>202</ymax>
    </bbox>
  </object>
  <object>
    <name>2122</name>
    <difficult>0</difficult>
    <bbox>
      <xmin>975</xmin>
      <ymin>192</ymin>
      <xmax>1014</xmax>
      <ymax>233</ymax>
    </bbox>
  </object>
  <object>
    <name>2124</name>
    <difficult>0</difficult>
    <bbox>
      <xmin>1009</xmin>
      <ymin>227</ymin>
      <xmax>1061</xmax>
      <ymax>288</ymax>
    </bbox>
  </object>
  <object>
    <name>2125</name>
    <difficult>0</difficult>
    <bbox>
      <xmin>925</xmin>
      <ymin>239</ymin>
      <xmax>978</xmax>
      <ymax>300</ymax>
    </bbox>
  </object>
  <object>
    <name>2129</name>
    <difficult>0</difficult>
    <bbox>
      <xmin>1193</xmin>
      <ymin>178</ymin>
      <xmax>1242</xmax>
      <ymax>233</ymax>
    </bbox>
  </object>
  <object>
    <name>2132</name>
    <difficult>0</difficult>
    <bbox>
      <xmin>1171</xmin>
      <ymin>279</ymin>
      <xmax>1212</xmax>
      <ymax>320</ymax>
    </bbox>
  </object>
  <object>
    <name>2133</name>
    <difficult>0</difficult>
    <bbox>
      <xmin>1179</xmin>
      <ymin>336</ymin>
      <xmax>1210</xmax>
      <ymax>367</ymax>
    </bbox>
  </object>
  <object>
    <name>2134</name>
    <difficult>0</difficult>
    <bbox>
      <xmin>1183</xmin>
      <ymin>382</ymin>
      <xmax>1224</xmax>
      <ymax>424</ymax>
    </bbox>
  </object>
  <object>
    <name>2136</name>
    <difficult>0</difficult>
    <bbox>
      <xmin>1204</xmin>
      <ymin>432</ymin>
      <xmax>1251</xmax>
      <ymax>476</ymax>
    </bbox>
  </object>
  <object>
    <name>2163</name>
    <difficult>0</difficult>
    <bbox>
      <xmin>978</xmin>
      <ymin>512</ymin>
      <xmax>1026</xmax>
      <ymax>569</ymax>
    </bbox>
  </object>
  <object>
    <name>2164</name>
    <difficult>0</difficult>
    <bbox>
      <xmin>1017</xmin>
      <ymin>529</ymin>
      <xmax>1063</xmax>
      <ymax>575</ymax>
    </bbox>
  </object>
  <object>
    <name>2167</name>
    <difficult>0</difficult>
    <bbox>
      <xmin>1095</xmin>
      <ymin>664</ymin>
      <xmax>1151</xmax>
      <ymax>726</ymax>
    </bbox>
  </object>
  <object>
    <name>2168</name>
    <difficult>0</difficult>
    <bbox>
      <xmin>1146</xmin>
      <ymin>681</ymin>
      <xmax>1192</xmax>
      <ymax>726</ymax>
    </bbox>
  </object>
  <object>
    <name>2171</name>
    <difficult>0</difficult>
    <bbox>
      <xmin>1277</xmin>
      <ymin>593</ymin>
      <xmax>1329</xmax>
      <ymax>643</ymax>
    </bbox>
  </object>
  <object>
    <name>2174</name>
    <difficult>0</difficult>
    <bbox>
      <xmin>1102</xmin>
      <ymin>950</ymin>
      <xmax>1177</xmax>
      <ymax>1025</ymax>
    </bbox>
  </object>
  <object>
    <name>BALL_060</name>
    <difficult>0</difficult>
    <bbox>
      <xmin>1314</xmin>
      <ymin>371</ymin>
      <xmax>1358</xmax>
      <ymax>412</ymax>
    </bbox>
  </object>
  <object>
    <name>BALL_120</name>
    <difficult>0</difficult>
    <bbox>
      <xmin>1378</xmin>
      <ymin>377</ymin>
      <xmax>1472</xmax>
      <ymax>466</ymax>
    </bbox>
  </object>
  <object>
    <name>3202</name>
    <difficult>0</difficult>
    <bbox>
      <xmin>1443</xmin>
      <ymin>526</ymin>
      <xmax>1496</xmax>
      <ymax>577</ymax>
    </bbox>
  </object>
  <object>
    <name>3203</name>
    <difficult>0</difficult>
    <bbox>
      <xmin>1413</xmin>
      <ymin>556</ymin>
      <xmax>1468</xmax>
      <ymax>604</ymax>
    </bbox>
  </object>
  <object>
    <name>1022</name>
    <difficult>0</difficult>
    <bbox>
      <xmin>497</xmin>
      <ymin>91</ymin>
      <xmax>555</xmax>
      <ymax>153</ymax>
    </bbox>
  </object>
  <object>
    <name>1046</name>
    <difficult>0</difficult>
    <bbox>
      <xmin>528</xmin>
      <ymin>311</ymin>
      <xmax>588</xmax>
      <ymax>366</ymax>
    </bbox>
  </object>
  <object>
    <name>1050</name>
    <difficult>0</difficult>
    <bbox>
      <xmin>640</xmin>
      <ymin>311</ymin>
      <xmax>694</xmax>
      <ymax>374</ymax>
    </bbox>
  </object>
  <object>
    <name>1051</name>
    <difficult>0</difficult>
    <bbox>
      <xmin>601</xmin>
      <ymin>362</ymin>
      <xmax>659</xmax>
      <ymax>418</ymax>
    </bbox>
  </object>
  <object>
    <name>1071</name>
    <difficult>0</difficult>
    <bbox>
      <xmin>392</xmin>
      <ymin>669</ymin>
      <xmax>471</xmax>
      <ymax>738</ymax>
    </bbox>
  </object>
  <object>
    <name>1083</name>
    <difficult>0</difficult>
    <bbox>
      <xmin>715</xmin>
      <ymin>691</ymin>
      <xmax>764</xmax>
      <ymax>742</ymax>
    </bbox>
  </object>
  <object>
    <name>2151</name>
    <difficult>0</difficult>
    <bbox>
      <xmin>883</xmin>
      <ymin>725</ymin>
      <xmax>933</xmax>
      <ymax>770</ymax>
    </bbox>
  </object>
</annotations>
