<annotations>
  <filename>20210927_123505_k_r2_e_000_150_138_2_0_C.png</filename>
  <size>
    <width>1920</width>
    <height>1080</height>
    <depth>3</depth>
  </size>
  <object>
    <name>2118</name>
    <difficult>0</difficult>
    <bbox>
      <xmin>1088</xmin>
      <ymin>53</ymin>
      <xmax>1140</xmax>
      <ymax>114</ymax>
    </bbox>
  </object>
  <object>
    <name>2119</name>
    <difficult>0</difficult>
    <bbox>
      <xmin>1012</xmin>
      <ymin>92</ymin>
      <xmax>1061</xmax>
      <ymax>148</ymax>
    </bbox>
  </object>
  <object>
    <name>2120</name>
    <difficult>0</difficult>
    <bbox>
      <xmin>943</xmin>
      <ymin>130</ymin>
      <xmax>995</xmax>
      <ymax>193</ymax>
    </bbox>
  </object>
  <object>
    <name>2122</name>
    <difficult>0</difficult>
    <bbox>
      <xmin>923</xmin>
      <ymin>183</ymin>
      <xmax>965</xmax>
      <ymax>225</ymax>
    </bbox>
  </object>
  <object>
    <name>2124</name>
    <difficult>0</difficult>
    <bbox>
      <xmin>957</xmin>
      <ymin>219</ymin>
      <xmax>1010</xmax>
      <ymax>281</ymax>
    </bbox>
  </object>
  <object>
    <name>2125</name>
    <difficult>0</difficult>
    <bbox>
      <xmin>873</xmin>
      <ymin>231</ymin>
      <xmax>927</xmax>
      <ymax>291</ymax>
    </bbox>
  </object>
  <object>
    <name>2129</name>
    <difficult>0</difficult>
    <bbox>
      <xmin>1141</xmin>
      <ymin>172</ymin>
      <xmax>1191</xmax>
      <ymax>226</ymax>
    </bbox>
  </object>
  <object>
    <name>2132</name>
    <difficult>0</difficult>
    <bbox>
      <xmin>1125</xmin>
      <ymin>272</ymin>
      <xmax>1166</xmax>
      <ymax>313</ymax>
    </bbox>
  </object>
  <object>
    <name>2133</name>
    <difficult>0</difficult>
    <bbox>
      <xmin>1135</xmin>
      <ymin>329</ymin>
      <xmax>1166</xmax>
      <ymax>360</ymax>
    </bbox>
  </object>
  <object>
    <name>2134</name>
    <difficult>0</difficult>
    <bbox>
      <xmin>1139</xmin>
      <ymin>375</ymin>
      <xmax>1180</xmax>
      <ymax>416</ymax>
    </bbox>
  </object>
  <object>
    <name>2136</name>
    <difficult>0</difficult>
    <bbox>
      <xmin>1151</xmin>
      <ymin>424</ymin>
      <xmax>1198</xmax>
      <ymax>467</ymax>
    </bbox>
  </object>
  <object>
    <name>2163</name>
    <difficult>0</difficult>
    <bbox>
      <xmin>927</xmin>
      <ymin>509</ymin>
      <xmax>976</xmax>
      <ymax>562</ymax>
    </bbox>
  </object>
  <object>
    <name>2164</name>
    <difficult>0</difficult>
    <bbox>
      <xmin>960</xmin>
      <ymin>519</ymin>
      <xmax>1009</xmax>
      <ymax>568</ymax>
    </bbox>
  </object>
  <object>
    <name>2167</name>
    <difficult>0</difficult>
    <bbox>
      <xmin>1037</xmin>
      <ymin>656</ymin>
      <xmax>1089</xmax>
      <ymax>717</ymax>
    </bbox>
  </object>
  <object>
    <name>2168</name>
    <difficult>0</difficult>
    <bbox>
      <xmin>1087</xmin>
      <ymin>672</ymin>
      <xmax>1132</xmax>
      <ymax>717</ymax>
    </bbox>
  </object>
  <object>
    <name>2171</name>
    <difficult>0</difficult>
    <bbox>
      <xmin>1216</xmin>
      <ymin>583</ymin>
      <xmax>1267</xmax>
      <ymax>634</ymax>
    </bbox>
  </object>
  <object>
    <name>2174</name>
    <difficult>0</difficult>
    <bbox>
      <xmin>1042</xmin>
      <ymin>938</ymin>
      <xmax>1117</xmax>
      <ymax>1013</ymax>
    </bbox>
  </object>
  <object>
    <name>BALL_060</name>
    <difficult>0</difficult>
    <bbox>
      <xmin>1259</xmin>
      <ymin>363</ymin>
      <xmax>1301</xmax>
      <ymax>405</ymax>
    </bbox>
  </object>
  <object>
    <name>BALL_120</name>
    <difficult>0</difficult>
    <bbox>
      <xmin>1323</xmin>
      <ymin>372</ymin>
      <xmax>1414</xmax>
      <ymax>458</ymax>
    </bbox>
  </object>
  <object>
    <name>3202</name>
    <difficult>0</difficult>
    <bbox>
      <xmin>1385</xmin>
      <ymin>517</ymin>
      <xmax>1441</xmax>
      <ymax>570</ymax>
    </bbox>
  </object>
  <object>
    <name>3203</name>
    <difficult>0</difficult>
    <bbox>
      <xmin>1357</xmin>
      <ymin>548</ymin>
      <xmax>1412</xmax>
      <ymax>599</ymax>
    </bbox>
  </object>
  <object>
    <name>1022</name>
    <difficult>0</difficult>
    <bbox>
      <xmin>435</xmin>
      <ymin>77</ymin>
      <xmax>495</xmax>
      <ymax>138</ymax>
    </bbox>
  </object>
  <object>
    <name>1046</name>
    <difficult>0</difficult>
    <bbox>
      <xmin>467</xmin>
      <ymin>302</ymin>
      <xmax>528</xmax>
      <ymax>357</ymax>
    </bbox>
  </object>
  <object>
    <name>1050</name>
    <difficult>0</difficult>
    <bbox>
      <xmin>574</xmin>
      <ymin>302</ymin>
      <xmax>634</xmax>
      <ymax>366</ymax>
    </bbox>
  </object>
  <object>
    <name>1051</name>
    <difficult>0</difficult>
    <bbox>
      <xmin>539</xmin>
      <ymin>353</ymin>
      <xmax>600</xmax>
      <ymax>412</ymax>
    </bbox>
  </object>
  <object>
    <name>1071</name>
    <difficult>0</difficult>
    <bbox>
      <xmin>316</xmin>
      <ymin>665</ymin>
      <xmax>401</xmax>
      <ymax>736</ymax>
    </bbox>
  </object>
  <object>
    <name>1083</name>
    <difficult>0</difficult>
    <bbox>
      <xmin>664</xmin>
      <ymin>686</ymin>
      <xmax>715</xmax>
      <ymax>738</ymax>
    </bbox>
  </object>
  <object>
    <name>2151</name>
    <difficult>0</difficult>
    <bbox>
      <xmin>833</xmin>
      <ymin>717</ymin>
      <xmax>883</xmax>
      <ymax>762</ymax>
    </bbox>
  </object>
</annotations>
