<annotations>
  <filename>20210927_114012_k_r2_e_000_150_138_2_0_C.png</filename>
  <size>
    <width>1920</width>
    <height>1080</height>
    <depth>3</depth>
  </size>
  <object>
    <name>2118</name>
    <difficult>0</difficult>
    <bbox>
      <xmin>1075</xmin>
      <ymin>71</ymin>
      <xmax>1125</xmax>
      <ymax>129</ymax>
    </bbox>
  </object>
  <object>
    <name>2119</name>
    <difficult>0</difficult>
    <bbox>
      <xmin>1005</xmin>
      <ymin>107</ymin>
      <xmax>1050</xmax>
      <ymax>161</ymax>
    </bbox>
  </object>
  <object>
    <name>2120</name>
    <difficult>0</difficult>
    <bbox>
      <xmin>936</xmin>
      <ymin>145</ymin>
      <xmax>987</xmax>
      <ymax>206</ymax>
    </bbox>
  </object>
  <object>
    <name>2122</name>
    <difficult>0</difficult>
    <bbox>
      <xmin>916</xmin>
      <ymin>196</ymin>
      <xmax>955</xmax>
      <ymax>235</ymax>
    </bbox>
  </object>
  <object>
    <name>2124</name>
    <difficult>0</difficult>
    <bbox>
      <xmin>952</xmin>
      <ymin>230</ymin>
      <xmax>1002</xmax>
      <ymax>289</ymax>
    </bbox>
  </object>
  <object>
    <name>2125</name>
    <difficult>0</difficult>
    <bbox>
      <xmin>871</xmin>
      <ymin>241</ymin>
      <xmax>923</xmax>
      <ymax>299</ymax>
    </bbox>
  </object>
  <object>
    <name>2129</name>
    <difficult>0</difficult>
    <bbox>
      <xmin>1128</xmin>
      <ymin>185</ymin>
      <xmax>1175</xmax>
      <ymax>235</ymax>
    </bbox>
  </object>
  <object>
    <name>2132</name>
    <difficult>0</difficult>
    <bbox>
      <xmin>1115</xmin>
      <ymin>275</ymin>
      <xmax>1154</xmax>
      <ymax>317</ymax>
    </bbox>
  </object>
  <object>
    <name>2133</name>
    <difficult>0</difficult>
    <bbox>
      <xmin>1124</xmin>
      <ymin>332</ymin>
      <xmax>1154</xmax>
      <ymax>363</ymax>
    </bbox>
  </object>
  <object>
    <name>2134</name>
    <difficult>0</difficult>
    <bbox>
      <xmin>1129</xmin>
      <ymin>378</ymin>
      <xmax>1165</xmax>
      <ymax>417</ymax>
    </bbox>
  </object>
  <object>
    <name>2136</name>
    <difficult>0</difficult>
    <bbox>
      <xmin>1137</xmin>
      <ymin>427</ymin>
      <xmax>1182</xmax>
      <ymax>467</ymax>
    </bbox>
  </object>
  <object>
    <name>2163</name>
    <difficult>0</difficult>
    <bbox>
      <xmin>924</xmin>
      <ymin>509</ymin>
      <xmax>969</xmax>
      <ymax>558</ymax>
    </bbox>
  </object>
  <object>
    <name>2164</name>
    <difficult>0</difficult>
    <bbox>
      <xmin>958</xmin>
      <ymin>518</ymin>
      <xmax>1002</xmax>
      <ymax>564</ymax>
    </bbox>
  </object>
  <object>
    <name>2167</name>
    <difficult>0</difficult>
    <bbox>
      <xmin>1028</xmin>
      <ymin>648</ymin>
      <xmax>1075</xmax>
      <ymax>704</ymax>
    </bbox>
  </object>
  <object>
    <name>2168</name>
    <difficult>0</difficult>
    <bbox>
      <xmin>1074</xmin>
      <ymin>662</ymin>
      <xmax>1114</xmax>
      <ymax>705</ymax>
    </bbox>
  </object>
  <object>
    <name>2171</name>
    <difficult>0</difficult>
    <bbox>
      <xmin>1198</xmin>
      <ymin>578</ymin>
      <xmax>1245</xmax>
      <ymax>625</ymax>
    </bbox>
  </object>
  <object>
    <name>2174</name>
    <difficult>0</difficult>
    <bbox>
      <xmin>1033</xmin>
      <ymin>913</ymin>
      <xmax>1096</xmax>
      <ymax>982</ymax>
    </bbox>
  </object>
  <object>
    <name>BALL_060</name>
    <difficult>0</difficult>
    <bbox>
      <xmin>1240</xmin>
      <ymin>367</ymin>
      <xmax>1282</xmax>
      <ymax>409</ymax>
    </bbox>
  </object>
  <object>
    <name>BALL_120</name>
    <difficult>0</difficult>
    <bbox>
      <xmin>1301</xmin>
      <ymin>374</ymin>
      <xmax>1387</xmax>
      <ymax>459</ymax>
    </bbox>
  </object>
  <object>
    <name>3202</name>
    <difficult>0</difficult>
    <bbox>
      <xmin>1360</xmin>
      <ymin>514</ymin>
      <xmax>1413</xmax>
      <ymax>565</ymax>
    </bbox>
  </object>
  <object>
    <name>3203</name>
    <difficult>0</difficult>
    <bbox>
      <xmin>1335</xmin>
      <ymin>546</ymin>
      <xmax>1390</xmax>
      <ymax>594</ymax>
    </bbox>
  </object>
  <object>
    <name>1022</name>
    <difficult>0</difficult>
    <bbox>
      <xmin>450</xmin>
      <ymin>97</ymin>
      <xmax>510</xmax>
      <ymax>155</ymax>
    </bbox>
  </object>
  <object>
    <name>1046</name>
    <difficult>0</difficult>
    <bbox>
      <xmin>483</xmin>
      <ymin>311</ymin>
      <xmax>543</xmax>
      <ymax>366</ymax>
    </bbox>
  </object>
  <object>
    <name>1050</name>
    <difficult>0</difficult>
    <bbox>
      <xmin>589</xmin>
      <ymin>313</ymin>
      <xmax>645</xmax>
      <ymax>374</ymax>
    </bbox>
  </object>
  <object>
    <name>1051</name>
    <difficult>0</difficult>
    <bbox>
      <xmin>553</xmin>
      <ymin>361</ymin>
      <xmax>611</xmax>
      <ymax>416</ymax>
    </bbox>
  </object>
  <object>
    <name>1071</name>
    <difficult>0</difficult>
    <bbox>
      <xmin>351</xmin>
      <ymin>656</ymin>
      <xmax>428</xmax>
      <ymax>723</ymax>
    </bbox>
  </object>
  <object>
    <name>1083</name>
    <difficult>0</difficult>
    <bbox>
      <xmin>672</xmin>
      <ymin>678</ymin>
      <xmax>720</xmax>
      <ymax>728</ymax>
    </bbox>
  </object>
  <object>
    <name>2151</name>
    <difficult>0</difficult>
    <bbox>
      <xmin>832</xmin>
      <ymin>701</ymin>
      <xmax>882</xmax>
      <ymax>751</ymax>
    </bbox>
  </object>
</annotations>
