<annotations>
  <filename>20210927_121804_k_r2_e_000_150_138_2_0_C.png</filename>
  <size>
    <width>1920</width>
    <height>1080</height>
    <depth>3</depth>
  </size>
  <object>
    <name>2118</name>
    <difficult>0</difficult>
    <bbox>
      <xmin>1086</xmin>
      <ymin>55</ymin>
      <xmax>1140</xmax>
      <ymax>115</ymax>
    </bbox>
  </object>
  <object>
    <name>2119</name>
    <difficult>0</difficult>
    <bbox>
      <xmin>1013</xmin>
      <ymin>92</ymin>
      <xmax>1059</xmax>
      <ymax>149</ymax>
    </bbox>
  </object>
  <object>
    <name>2120</name>
    <difficult>0</difficult>
    <bbox>
      <xmin>941</xmin>
      <ymin>129</ymin>
      <xmax>993</xmax>
      <ymax>191</ymax>
    </bbox>
  </object>
  <object>
    <name>2122</name>
    <difficult>0</difficult>
    <bbox>
      <xmin>921</xmin>
      <ymin>181</ymin>
      <xmax>961</xmax>
      <ymax>224</ymax>
    </bbox>
  </object>
  <object>
    <name>2124</name>
    <difficult>0</difficult>
    <bbox>
      <xmin>956</xmin>
      <ymin>217</ymin>
      <xmax>1008</xmax>
      <ymax>279</ymax>
    </bbox>
  </object>
  <object>
    <name>2125</name>
    <difficult>0</difficult>
    <bbox>
      <xmin>872</xmin>
      <ymin>228</ymin>
      <xmax>925</xmax>
      <ymax>290</ymax>
    </bbox>
  </object>
  <object>
    <name>2129</name>
    <difficult>0</difficult>
    <bbox>
      <xmin>1138</xmin>
      <ymin>174</ymin>
      <xmax>1186</xmax>
      <ymax>226</ymax>
    </bbox>
  </object>
  <object>
    <name>2132</name>
    <difficult>0</difficult>
    <bbox>
      <xmin>1119</xmin>
      <ymin>272</ymin>
      <xmax>1159</xmax>
      <ymax>314</ymax>
    </bbox>
  </object>
  <object>
    <name>2133</name>
    <difficult>0</difficult>
    <bbox>
      <xmin>1128</xmin>
      <ymin>328</ymin>
      <xmax>1159</xmax>
      <ymax>359</ymax>
    </bbox>
  </object>
  <object>
    <name>2134</name>
    <difficult>0</difficult>
    <bbox>
      <xmin>1132</xmin>
      <ymin>375</ymin>
      <xmax>1169</xmax>
      <ymax>416</ymax>
    </bbox>
  </object>
  <object>
    <name>2136</name>
    <difficult>0</difficult>
    <bbox>
      <xmin>1148</xmin>
      <ymin>423</ymin>
      <xmax>1195</xmax>
      <ymax>467</ymax>
    </bbox>
  </object>
  <object>
    <name>2163</name>
    <difficult>0</difficult>
    <bbox>
      <xmin>924</xmin>
      <ymin>509</ymin>
      <xmax>973</xmax>
      <ymax>559</ymax>
    </bbox>
  </object>
  <object>
    <name>2164</name>
    <difficult>0</difficult>
    <bbox>
      <xmin>960</xmin>
      <ymin>519</ymin>
      <xmax>1008</xmax>
      <ymax>566</ymax>
    </bbox>
  </object>
  <object>
    <name>2167</name>
    <difficult>0</difficult>
    <bbox>
      <xmin>1039</xmin>
      <ymin>654</ymin>
      <xmax>1090</xmax>
      <ymax>714</ymax>
    </bbox>
  </object>
  <object>
    <name>2168</name>
    <difficult>0</difficult>
    <bbox>
      <xmin>1089</xmin>
      <ymin>669</ymin>
      <xmax>1132</xmax>
      <ymax>714</ymax>
    </bbox>
  </object>
  <object>
    <name>2171</name>
    <difficult>0</difficult>
    <bbox>
      <xmin>1216</xmin>
      <ymin>582</ymin>
      <xmax>1267</xmax>
      <ymax>631</ymax>
    </bbox>
  </object>
  <object>
    <name>2174</name>
    <difficult>0</difficult>
    <bbox>
      <xmin>1044</xmin>
      <ymin>932</ymin>
      <xmax>1119</xmax>
      <ymax>1007</ymax>
    </bbox>
  </object>
  <object>
    <name>BALL_060</name>
    <difficult>0</difficult>
    <bbox>
      <xmin>1254</xmin>
      <ymin>364</ymin>
      <xmax>1296</xmax>
      <ymax>404</ymax>
    </bbox>
  </object>
  <object>
    <name>BALL_120</name>
    <difficult>0</difficult>
    <bbox>
      <xmin>1316</xmin>
      <ymin>373</ymin>
      <xmax>1406</xmax>
      <ymax>457</ymax>
    </bbox>
  </object>
  <object>
    <name>3202</name>
    <difficult>0</difficult>
    <bbox>
      <xmin>1379</xmin>
      <ymin>517</ymin>
      <xmax>1432</xmax>
      <ymax>568</ymax>
    </bbox>
  </object>
  <object>
    <name>3203</name>
    <difficult>0</difficult>
    <bbox>
      <xmin>1350</xmin>
      <ymin>549</ymin>
      <xmax>1405</xmax>
      <ymax>597</ymax>
    </bbox>
  </object>
  <object>
    <name>1022</name>
    <difficult>0</difficult>
    <bbox>
      <xmin>429</xmin>
      <ymin>71</ymin>
      <xmax>489</xmax>
      <ymax>134</ymax>
    </bbox>
  </object>
  <object>
    <name>1046</name>
    <difficult>0</difficult>
    <bbox>
      <xmin>462</xmin>
      <ymin>297</ymin>
      <xmax>525</xmax>
      <ymax>352</ymax>
    </bbox>
  </object>
  <object>
    <name>1050</name>
    <difficult>0</difficult>
    <bbox>
      <xmin>575</xmin>
      <ymin>299</ymin>
      <xmax>634</xmax>
      <ymax>361</ymax>
    </bbox>
  </object>
  <object>
    <name>1051</name>
    <difficult>0</difficult>
    <bbox>
      <xmin>539</xmin>
      <ymin>350</ymin>
      <xmax>599</xmax>
      <ymax>407</ymax>
    </bbox>
  </object>
  <object>
    <name>1071</name>
    <difficult>0</difficult>
    <bbox>
      <xmin>317</xmin>
      <ymin>662</ymin>
      <xmax>401</xmax>
      <ymax>733</ymax>
    </bbox>
  </object>
  <object>
    <name>1083</name>
    <difficult>0</difficult>
    <bbox>
      <xmin>660</xmin>
      <ymin>683</ymin>
      <xmax>711</xmax>
      <ymax>737</ymax>
    </bbox>
  </object>
  <object>
    <name>2151</name>
    <difficult>0</difficult>
    <bbox>
      <xmin>831</xmin>
      <ymin>716</ymin>
      <xmax>881</xmax>
      <ymax>761</ymax>
    </bbox>
  </object>
</annotations>
